movie_code,thumb_url,link_url,user_rating,origin_url
20177538,https://ssl.pstatic.net/imgmovie/mdi/mit110/1676/167638_P71_133542.jpg,https://movie.naver.com/movie/bi/mi/basic.nhn?code=167638,8.66,https://movie-phinf.pstatic.net/20181106_289/1541478936071tmadh_JPEG/movie_image.jpg
20185485,https://ssl.pstatic.net/imgmovie/mdi/mit110/1564/156464_P49_182103.jpg,https://movie.naver.com/movie/bi/mi/basic.nhn?code=156464,9.47,https://movie-phinf.pstatic.net/20181213_264/1544692854634ss65r_JPEG/movie_image.jpg
20170513,https://ssl.pstatic.net/imgmovie/mdi/mit110/1666/166610_P58_154049.jpg,https://movie.naver.com/movie/bi/mi/basic.nhn?code=166610,5.52,https://movie-phinf.pstatic.net/20181109_35/15417456367899cdGU_JPEG/movie_image.jpg
20181171,https://ssl.pstatic.net/imgmovie/mdi/mit110/1736/173692_P12_102159.jpg,https://movie.naver.com/movie/bi/mi/basic.nhn?code=173692,9.17,https://movie-phinf.pstatic.net/20181126_296/1543195305541TXc6u_JPEG/movie_image.jpg
20174981,https://ssl.pstatic.net/imgmovie/mdi/mit110/1604/160487_P48_113750.jpg,https://movie.naver.com/movie/bi/mi/basic.nhn?code=160487,5.13,https://movie-phinf.pstatic.net/20181001_87/15383614506431bq1D_JPEG/movie_image.jpg
20010291,https://ssl.pstatic.net/imgmovie/mdi/mit110/0306/30688_P28_142632.jpg,https://movie.naver.com/movie/bi/mi/basic.nhn?code=30688,9.23,https://movie-phinf.pstatic.net/20181019_236/1539926790655oHv5z_JPEG/movie_image.jpg
20179006,https://ssl.pstatic.net/imgmovie/mdi/mit110/1717/171750_P05_173050.jpg,https://movie.naver.com/movie/bi/mi/basic.nhn?code=171750,4.31,https://movie-phinf.pstatic.net/20181017_83/15397650480164Sm4J_JPEG/movie_image.jpg
20181404,https://ssl.pstatic.net/imgmovie/mdi/mit110/1641/164155_P03_122329.jpg,https://movie.naver.com/movie/bi/mi/basic.nhn?code=164155,6.15,https://movie-phinf.pstatic.net/20181001_122/153836420654806YHX_JPEG/movie_image.jpg
20180523,https://ssl.pstatic.net/imgmovie/mdi/mit110/1680/168050_P19_100458.jpg,https://movie.naver.com/movie/bi/mi/basic.nhn?code=168050,9.15,https://movie-phinf.pstatic.net/20180912_118/1536714294340kLm2Y_JPEG/movie_image.jpg
20182693,https://ssl.pstatic.net/imgmovie/mdi/mit110/1728/172819_P01_163303.jpg,https://movie.naver.com/movie/bi/mi/basic.nhn?code=172819,7.50,https://movie-phinf.pstatic.net/20181011_31/1539243181778X4C4H_JPEG/movie_image.jpg
20176814,https://ssl.pstatic.net/imgmovie/mdi/mit110/1542/154255_P24_095824.jpg,https://movie.naver.com/movie/bi/mi/basic.nhn?code=154255,6.29,https://movie-phinf.pstatic.net/20181029_21/1540774701820gU85o_JPEG/movie_image.jpg
20183050,https://ssl.pstatic.net/imgmovie/mdi/mit110/1763/176354_P13_150227.jpg,https://movie.naver.com/movie/bi/mi/basic.nhn?code=176354,9.36,https://movie-phinf.pstatic.net/20181109_286/1541743345207CtoXg_JPEG/movie_image.jpg
20184481,https://ssl.pstatic.net/imgmovie/mdi/mit110/1748/174835_P26_105639.jpg,https://movie.naver.com/movie/bi/mi/basic.nhn?code=174835,7.60,https://movie-phinf.pstatic.net/20181031_241/1540950975705Bac4v_JPEG/movie_image.jpg
20182935,https://ssl.pstatic.net/imgmovie/mdi/mit110/1791/179139_P14_100455.jpg,https://movie.naver.com/movie/bi/mi/basic.nhn?code=179139,8.79,https://movie-phinf.pstatic.net/20181022_106/1540170285123a57tG_JPEG/movie_image.jpg
20186822,https://ssl.pstatic.net/imgmovie/mdi/mit110/1753/175318_P15_105507.jpg,https://movie.naver.com/movie/bi/mi/basic.nhn?code=175318,8.31,https://movie-phinf.pstatic.net/20181026_40/1540518904460lgFIb_JPEG/movie_image.jpg
20189869,https://ssl.pstatic.net/imgmovie/mdi/mit110/1641/164147_P46_165808.jpg,https://movie.naver.com/movie/bi/mi/basic.nhn?code=164147,7.70,https://movie-phinf.pstatic.net/20181116_119/1542355085445eqNwH_JPEG/movie_image.jpg
20183073,https://ssl.pstatic.net/imgmovie/mdi/mit110/1449/144906_P15_103017.jpg,https://movie.naver.com/movie/bi/mi/basic.nhn?code=144906,9.53,https://movie-phinf.pstatic.net/20181031_264/1540949415228uy0j3_JPEG/movie_image.jpg
20182669,https://ssl.pstatic.net/imgmovie/mdi/mit110/1546/154653_P12_102646.jpg,https://movie.naver.com/movie/bi/mi/basic.nhn?code=154653,8.80,https://movie-phinf.pstatic.net/20181031_119/15409491972280Be0x_JPEG/movie_image.jpg
20177552,https://ssl.pstatic.net/imgmovie/mdi/mit110/1641/164192_P45_134107.jpg,https://movie.naver.com/movie/bi/mi/basic.nhn?code=164192,8.18,https://movie-phinf.pstatic.net/20181105_232/1541392865465aVb5V_JPEG/movie_image.jpg
20181905,https://ssl.pstatic.net/imgmovie/mdi/mit110/1442/144266_P15_111933.jpg,https://movie.naver.com/movie/bi/mi/basic.nhn?code=144266,7.16,https://movie-phinf.pstatic.net/20181031_91/1540952362335FhIxg_JPEG/movie_image.jpg
20183007,https://ssl.pstatic.net/imgmovie/mdi/mit110/1618/161868_P24_151256.jpg,https://movie.naver.com/movie/bi/mi/basic.nhn?code=161868,8.55,https://movie-phinf.pstatic.net/20181121_34/1542780774766HVkku_JPEG/movie_image.jpg
20182966,https://ssl.pstatic.net/imgmovie/mdi/mit110/1791/179138_P01_151818.jpg,https://movie.naver.com/movie/bi/mi/basic.nhn?code=179138,4.52,https://movie-phinf.pstatic.net/20181105_273/1541398692776XWwyH_JPEG/movie_image.jpg
20179230,https://ssl.pstatic.net/imgmovie/mdi/mit110/1717/171755_P39_140011.jpg,https://movie.naver.com/movie/bi/mi/basic.nhn?code=171755,6.28,https://movie-phinf.pstatic.net/20181109_210/1541739608888DcEEo_JPEG/movie_image.jpg
20189843,https://ssl.pstatic.net/imgmovie/mdi/mit110/1586/158622_P18_142307.jpg,https://movie.naver.com/movie/bi/mi/basic.nhn?code=158622,7.39,https://movie-phinf.pstatic.net/20181109_245/1541740985337rsPka_JPEG/movie_image.jpg
20178825,https://ssl.pstatic.net/imgmovie/mdi/mit110/1564/156496_P24_153246.jpg,https://movie.naver.com/movie/bi/mi/basic.nhn?code=156496,6.39,https://movie-phinf.pstatic.net/20181121_20/1542781963353ydkIF_JPEG/movie_image.jpg
20183745,https://ssl.pstatic.net/imgmovie/mdi/mit110/1803/180384_P14_152246.jpg,https://movie.naver.com/movie/bi/mi/basic.nhn?code=180384,7.75,https://movie-phinf.pstatic.net/20181205_98/1543990964473PgUYG_JPEG/movie_image.jpg
20183238,https://ssl.pstatic.net/imgmovie/mdi/mit110/1717/171725_P18_175530.jpg,https://movie.naver.com/movie/bi/mi/basic.nhn?code=171725,9.26,https://movie-phinf.pstatic.net/20181207_3/1544172927548CbuaX_JPEG/movie_image.jpg
20182082,https://ssl.pstatic.net/imgmovie/mdi/mit110/1714/171452_P19_174244.jpg,https://movie.naver.com/movie/bi/mi/basic.nhn?code=171452,7.87,https://movie-phinf.pstatic.net/20181123_25/154296256144880faz_JPEG/movie_image.jpg
20175547,https://ssl.pstatic.net/imgmovie/mdi/mit110/1641/164101_P62_155759.jpg,https://movie.naver.com/movie/bi/mi/basic.nhn?code=164101,8.50,https://movie-phinf.pstatic.net/20181123_36/1542956277015JmOTd_JPEG/movie_image.jpg
20180290,https://ssl.pstatic.net/imgmovie/mdi/mit110/1511/151153_P19_095147.jpg,https://movie.naver.com/movie/bi/mi/basic.nhn?code=151153,8.38,https://movie-phinf.pstatic.net/20181210_126/1544403103928nczJs_JPEG/movie_image.jpg
20168773,https://ssl.pstatic.net/imgmovie/mdi/mit110/1572/157297_P23_134212.jpg,https://movie.naver.com/movie/bi/mi/basic.nhn?code=157297,6.52,https://movie-phinf.pstatic.net/20181126_96/1543207321602QPWG8_JPEG/movie_image.jpg
20182421,https://ssl.pstatic.net/imgmovie/mdi/mit110/1506/150688_P30_101919.jpg,https://movie.naver.com/movie/bi/mi/basic.nhn?code=150688,8.36,https://movie-phinf.pstatic.net/20181219_173/1545182351444JkMbU_JPEG/movie_image.jpg
20183479,https://ssl.pstatic.net/imgmovie/mdi/mit110/1729/172975_P10_141815.jpg,https://movie.naver.com/movie/bi/mi/basic.nhn?code=172975,8.47,https://movie-phinf.pstatic.net/20181207_248/1544159891384q2EC6_JPEG/movie_image.jpg
20183375,https://ssl.pstatic.net/imgmovie/mdi/mit110/1721/172187_P19_110125.jpg,https://movie.naver.com/movie/bi/mi/basic.nhn?code=172187,9.04,https://movie-phinf.pstatic.net/20181204_259/15438888834953FzA5_JPEG/movie_image.jpg
20186281,https://ssl.pstatic.net/imgmovie/mdi/mit110/1641/164139_P12_153521.jpg,https://movie.naver.com/movie/bi/mi/basic.nhn?code=164139,8.18,https://movie-phinf.pstatic.net/20181214_92/1544769316534ctOAO_JPEG/movie_image.jpg
20170658,https://ssl.pstatic.net/imgmovie/mdi/mit110/1660/166092_P35_104446.jpg,https://movie.naver.com/movie/bi/mi/basic.nhn?code=166092,5.33,https://movie-phinf.pstatic.net/20181205_284/1543974277191S4IrC_JPEG/movie_image.jpg
20183785,https://ssl.pstatic.net/imgmovie/mdi/mit110/1803/180379_P32_111508.jpg,https://movie.naver.com/movie/bi/mi/basic.nhn?code=180379,9.18,https://movie-phinf.pstatic.net/20181226_152/1545790505642ANrUN_JPEG/movie_image.jpg
20189463,https://ssl.pstatic.net/imgmovie/mdi/mit110/1526/152632_P19_104759.jpg,https://movie.naver.com/movie/bi/mi/basic.nhn?code=152632,8.76,https://movie-phinf.pstatic.net/20181204_287/1543888062606NHMh7_JPEG/movie_image.jpg
20184187,https://ssl.pstatic.net/imgmovie/mdi/mit110/1523/152344_P75_112734.jpg,https://movie.naver.com/movie/bi/mi/basic.nhn?code=152344,5.97,https://movie-phinf.pstatic.net/20181231_89/1546223246597LMiMi_JPEG/movie_image.jpg
20184105,https://ssl.pstatic.net/imgmovie/mdi/mit110/1676/167699_P40_175859.jpg,https://movie.naver.com/movie/bi/mi/basic.nhn?code=167699,9.04,https://movie-phinf.pstatic.net/20181227_80/1545901137289EGbWK_JPEG/movie_image.jpg
20176251,https://ssl.pstatic.net/imgmovie/mdi/mit110/1641/164172_P26_152224.jpg,https://movie.naver.com/movie/bi/mi/basic.nhn?code=164172,8.78,https://movie-phinf.pstatic.net/20190111_8/1547187739117rx7uW_JPEG/movie_image.jpg
20183915,https://ssl.pstatic.net/imgmovie/mdi/mit110/1803/180372_P16_101254.jpg,https://movie.naver.com/movie/bi/mi/basic.nhn?code=180372,9.18,https://movie-phinf.pstatic.net/20181210_8/1544404366603phGP3_JPEG/movie_image.jpg
20184574,https://ssl.pstatic.net/imgmovie/mdi/mit110/1715/171539_P26_135622.jpg,https://movie.naver.com/movie/bi/mi/basic.nhn?code=171539,9.66,https://movie-phinf.pstatic.net/20190115_228/1547528180168jgEP7_JPEG/movie_image.jpg
